fuel_efficiency,maintenance,doors,type,size,safety,RATING
excellent,vhigh,two,sports,small,low,JUNK
excellent,vhigh,two,sports,small,med,JUNK
excellent,vhigh,two,sports,small,high,JUNK
excellent,vhigh,two,sports,med,low,JUNK
excellent,vhigh,two,sports,med,med,JUNK
excellent,vhigh,two,sports,med,high,JUNK
excellent,vhigh,two,sports,big,low,JUNK
excellent,vhigh,two,sports,big,med,JUNK
excellent,vhigh,two,sports,big,high,JUNK
excellent,vhigh,two,sedan,small,low,JUNK
excellent,vhigh,two,sedan,small,med,JUNK
excellent,vhigh,two,sedan,small,high,JUNK
excellent,vhigh,two,sedan,med,low,JUNK
excellent,vhigh,two,sedan,med,med,JUNK
excellent,vhigh,two,sedan,med,high,JUNK
excellent,vhigh,two,sedan,big,low,JUNK
excellent,vhigh,two,sedan,big,med,JUNK
excellent,vhigh,two,sedan,big,high,JUNK
excellent,vhigh,two,wagon,small,low,JUNK
excellent,vhigh,two,wagon,small,med,JUNK
excellent,vhigh,two,wagon,small,high,JUNK
excellent,vhigh,two,wagon,med,low,JUNK
excellent,vhigh,two,wagon,med,med,JUNK
excellent,vhigh,two,wagon,med,high,JUNK
excellent,vhigh,two,wagon,big,low,JUNK
excellent,vhigh,two,wagon,big,med,JUNK
excellent,vhigh,two,wagon,big,high,JUNK
excellent,vhigh,three,sports,small,low,JUNK
excellent,vhigh,three,sports,small,med,JUNK
excellent,vhigh,three,sports,small,high,JUNK
excellent,vhigh,three,sports,med,low,JUNK
excellent,vhigh,three,sports,med,med,JUNK
excellent,vhigh,three,sports,med,high,JUNK
excellent,vhigh,three,sports,big,low,JUNK
excellent,vhigh,three,sports,big,med,JUNK
excellent,vhigh,three,sports,big,high,JUNK
excellent,vhigh,three,sedan,small,low,JUNK
excellent,vhigh,three,sedan,small,med,JUNK
excellent,vhigh,three,sedan,small,high,JUNK
excellent,vhigh,three,sedan,med,low,JUNK
excellent,vhigh,three,sedan,med,med,JUNK
excellent,vhigh,three,sedan,med,high,JUNK
excellent,vhigh,three,sedan,big,low,JUNK
excellent,vhigh,three,sedan,big,med,JUNK
excellent,vhigh,three,sedan,big,high,JUNK
excellent,vhigh,three,wagon,small,low,JUNK
excellent,vhigh,three,wagon,small,med,JUNK
excellent,vhigh,three,wagon,small,high,JUNK
excellent,vhigh,three,wagon,med,low,JUNK
excellent,vhigh,three,wagon,med,med,JUNK
excellent,vhigh,three,wagon,med,high,JUNK
excellent,vhigh,three,wagon,big,low,JUNK
excellent,vhigh,three,wagon,big,med,JUNK
excellent,vhigh,three,wagon,big,high,JUNK
excellent,vhigh,four,sports,small,low,JUNK
excellent,vhigh,four,sports,small,med,JUNK
excellent,vhigh,four,sports,small,high,JUNK
excellent,vhigh,four,sports,med,low,JUNK
excellent,vhigh,four,sports,med,med,JUNK
excellent,vhigh,four,sports,med,high,JUNK
excellent,vhigh,four,sports,big,low,JUNK
excellent,vhigh,four,sports,big,med,JUNK
excellent,vhigh,four,sports,big,high,JUNK
excellent,vhigh,four,sedan,small,low,JUNK
excellent,vhigh,four,sedan,small,med,JUNK
excellent,vhigh,four,sedan,small,high,JUNK
excellent,vhigh,four,sedan,med,low,JUNK
excellent,vhigh,four,sedan,med,med,JUNK
excellent,vhigh,four,sedan,med,high,JUNK
excellent,vhigh,four,sedan,big,low,JUNK
excellent,vhigh,four,sedan,big,med,JUNK
excellent,vhigh,four,sedan,big,high,JUNK
excellent,vhigh,four,wagon,small,low,JUNK
excellent,vhigh,four,wagon,small,med,JUNK
excellent,vhigh,four,wagon,small,high,JUNK
excellent,vhigh,four,wagon,med,low,JUNK
excellent,vhigh,four,wagon,med,med,JUNK
excellent,vhigh,four,wagon,med,high,JUNK
excellent,vhigh,four,wagon,big,low,JUNK
excellent,vhigh,four,wagon,big,med,JUNK
excellent,vhigh,four,wagon,big,high,JUNK
excellent,vhigh,many,sports,small,low,JUNK
excellent,vhigh,many,sports,small,med,JUNK
excellent,vhigh,many,sports,small,high,JUNK
excellent,vhigh,many,sports,med,low,JUNK
excellent,vhigh,many,sports,med,med,JUNK
excellent,vhigh,many,sports,med,high,JUNK
excellent,vhigh,many,sports,big,low,JUNK
excellent,vhigh,many,sports,big,med,JUNK
excellent,vhigh,many,sports,big,high,JUNK
excellent,vhigh,many,sedan,small,low,JUNK
excellent,vhigh,many,sedan,small,med,JUNK
excellent,vhigh,many,sedan,small,high,JUNK
excellent,vhigh,many,sedan,med,low,JUNK
excellent,vhigh,many,sedan,med,med,JUNK
excellent,vhigh,many,sedan,med,high,JUNK
excellent,vhigh,many,sedan,big,low,JUNK
excellent,vhigh,many,sedan,big,med,JUNK
excellent,vhigh,many,sedan,big,high,JUNK
excellent,vhigh,many,wagon,small,low,JUNK
excellent,vhigh,many,wagon,small,med,JUNK
excellent,vhigh,many,wagon,small,high,JUNK
excellent,vhigh,many,wagon,med,low,JUNK
excellent,vhigh,many,wagon,med,med,JUNK
excellent,vhigh,many,wagon,med,high,JUNK
excellent,vhigh,many,wagon,big,low,JUNK
excellent,vhigh,many,wagon,big,med,JUNK
excellent,vhigh,many,wagon,big,high,JUNK
excellent,high,two,sports,small,low,JUNK
excellent,high,two,sports,small,med,JUNK
excellent,high,two,sports,small,high,JUNK
excellent,high,two,sports,med,low,JUNK
excellent,high,two,sports,med,med,JUNK
excellent,high,two,sports,med,high,JUNK
excellent,high,two,sports,big,low,JUNK
excellent,high,two,sports,big,med,JUNK
excellent,high,two,sports,big,high,JUNK
excellent,high,two,sedan,small,low,JUNK
excellent,high,two,sedan,small,med,JUNK
excellent,high,two,sedan,small,high,JUNK
excellent,high,two,sedan,med,low,JUNK
excellent,high,two,sedan,med,med,JUNK
excellent,high,two,sedan,med,high,JUNK
excellent,high,two,sedan,big,low,JUNK
excellent,high,two,sedan,big,med,JUNK
excellent,high,two,sedan,big,high,JUNK
excellent,high,two,wagon,small,low,JUNK
excellent,high,two,wagon,small,med,JUNK
excellent,high,two,wagon,small,high,JUNK
excellent,high,two,wagon,med,low,JUNK
excellent,high,two,wagon,med,med,JUNK
excellent,high,two,wagon,med,high,JUNK
excellent,high,two,wagon,big,low,JUNK
excellent,high,two,wagon,big,med,JUNK
excellent,high,two,wagon,big,high,JUNK
excellent,high,three,sports,small,low,JUNK
excellent,high,three,sports,small,med,JUNK
excellent,high,three,sports,small,high,JUNK
excellent,high,three,sports,med,low,JUNK
excellent,high,three,sports,med,med,JUNK
excellent,high,three,sports,med,high,JUNK
excellent,high,three,sports,big,low,JUNK
excellent,high,three,sports,big,med,JUNK
excellent,high,three,sports,big,high,JUNK
excellent,high,three,sedan,small,low,JUNK
excellent,high,three,sedan,small,med,JUNK
excellent,high,three,sedan,small,high,JUNK
excellent,high,three,sedan,med,low,JUNK
excellent,high,three,sedan,med,med,JUNK
excellent,high,three,sedan,med,high,JUNK
excellent,high,three,sedan,big,low,JUNK
excellent,high,three,sedan,big,med,JUNK
excellent,high,three,sedan,big,high,JUNK
excellent,high,three,wagon,small,low,JUNK
excellent,high,three,wagon,small,med,JUNK
excellent,high,three,wagon,small,high,JUNK
excellent,high,three,wagon,med,low,JUNK
excellent,high,three,wagon,med,med,JUNK
excellent,high,three,wagon,med,high,JUNK
excellent,high,three,wagon,big,low,JUNK
excellent,high,three,wagon,big,med,JUNK
excellent,high,three,wagon,big,high,JUNK
excellent,high,four,sports,small,low,JUNK
excellent,high,four,sports,small,med,JUNK
excellent,high,four,sports,small,high,JUNK
excellent,high,four,sports,med,low,JUNK
excellent,high,four,sports,med,med,JUNK
excellent,high,four,sports,med,high,JUNK
excellent,high,four,sports,big,low,JUNK
excellent,high,four,sports,big,med,JUNK
excellent,high,four,sports,big,high,JUNK
excellent,high,four,sedan,small,low,JUNK
excellent,high,four,sedan,small,med,JUNK
excellent,high,four,sedan,small,high,JUNK
excellent,high,four,sedan,med,low,JUNK
excellent,high,four,sedan,med,med,JUNK
excellent,high,four,sedan,med,high,JUNK
excellent,high,four,sedan,big,low,JUNK
excellent,high,four,sedan,big,med,JUNK
excellent,high,four,sedan,big,high,JUNK
excellent,high,four,wagon,small,low,JUNK
excellent,high,four,wagon,small,med,JUNK
excellent,high,four,wagon,small,high,JUNK
excellent,high,four,wagon,med,low,JUNK
excellent,high,four,wagon,med,med,JUNK
excellent,high,four,wagon,med,high,JUNK
excellent,high,four,wagon,big,low,JUNK
excellent,high,four,wagon,big,med,JUNK
excellent,high,four,wagon,big,high,JUNK
excellent,high,many,sports,small,low,JUNK
excellent,high,many,sports,small,med,JUNK
excellent,high,many,sports,small,high,JUNK
excellent,high,many,sports,med,low,JUNK
excellent,high,many,sports,med,med,JUNK
excellent,high,many,sports,med,high,JUNK
excellent,high,many,sports,big,low,JUNK
excellent,high,many,sports,big,med,JUNK
excellent,high,many,sports,big,high,JUNK
excellent,high,many,sedan,small,low,JUNK
excellent,high,many,sedan,small,med,JUNK
excellent,high,many,sedan,small,high,JUNK
excellent,high,many,sedan,med,low,JUNK
excellent,high,many,sedan,med,med,JUNK
excellent,high,many,sedan,med,high,JUNK
excellent,high,many,sedan,big,low,JUNK
excellent,high,many,sedan,big,med,JUNK
excellent,high,many,sedan,big,high,JUNK
excellent,high,many,wagon,small,low,JUNK
excellent,high,many,wagon,small,med,JUNK
excellent,high,many,wagon,small,high,JUNK
excellent,high,many,wagon,med,low,JUNK
excellent,high,many,wagon,med,med,JUNK
excellent,high,many,wagon,med,high,JUNK
excellent,high,many,wagon,big,low,JUNK
excellent,high,many,wagon,big,med,JUNK
excellent,high,many,wagon,big,high,JUNK
excellent,med,two,sports,small,low,JUNK
excellent,med,two,sports,small,med,JUNK
excellent,med,two,sports,small,high,JUNK
excellent,med,two,sports,med,low,JUNK
excellent,med,two,sports,med,med,JUNK
excellent,med,two,sports,med,high,JUNK
excellent,med,two,sports,big,low,JUNK
excellent,med,two,sports,big,med,JUNK
excellent,med,two,sports,big,high,JUNK
excellent,med,two,sedan,small,low,JUNK
excellent,med,two,sedan,small,med,JUNK
excellent,med,two,sedan,small,high,OKAY
excellent,med,two,sedan,med,low,JUNK
excellent,med,two,sedan,med,med,JUNK
excellent,med,two,sedan,med,high,OKAY
excellent,med,two,sedan,big,low,JUNK
excellent,med,two,sedan,big,med,OKAY
excellent,med,two,sedan,big,high,OKAY
excellent,med,two,wagon,small,low,JUNK
excellent,med,two,wagon,small,med,JUNK
excellent,med,two,wagon,small,high,JUNK
excellent,med,two,wagon,med,low,JUNK
excellent,med,two,wagon,med,med,JUNK
excellent,med,two,wagon,med,high,OKAY
excellent,med,two,wagon,big,low,JUNK
excellent,med,two,wagon,big,med,OKAY
excellent,med,two,wagon,big,high,OKAY
excellent,med,three,sports,small,low,JUNK
excellent,med,three,sports,small,med,JUNK
excellent,med,three,sports,small,high,JUNK
excellent,med,three,sports,med,low,JUNK
excellent,med,three,sports,med,med,JUNK
excellent,med,three,sports,med,high,JUNK
excellent,med,three,sports,big,low,JUNK
excellent,med,three,sports,big,med,JUNK
excellent,med,three,sports,big,high,JUNK
excellent,med,three,sedan,small,low,JUNK
excellent,med,three,sedan,small,med,JUNK
excellent,med,three,sedan,small,high,OKAY
excellent,med,three,sedan,med,low,JUNK
excellent,med,three,sedan,med,med,JUNK
excellent,med,three,sedan,med,high,OKAY
excellent,med,three,sedan,big,low,JUNK
excellent,med,three,sedan,big,med,OKAY
excellent,med,three,sedan,big,high,OKAY
excellent,med,three,wagon,small,low,JUNK
excellent,med,three,wagon,small,med,JUNK
excellent,med,three,wagon,small,high,OKAY
excellent,med,three,wagon,med,low,JUNK
excellent,med,three,wagon,med,med,OKAY
excellent,med,three,wagon,med,high,OKAY
excellent,med,three,wagon,big,low,JUNK
excellent,med,three,wagon,big,med,OKAY
excellent,med,three,wagon,big,high,OKAY
excellent,med,four,sports,small,low,JUNK
excellent,med,four,sports,small,med,JUNK
excellent,med,four,sports,small,high,JUNK
excellent,med,four,sports,med,low,JUNK
excellent,med,four,sports,med,med,JUNK
excellent,med,four,sports,med,high,JUNK
excellent,med,four,sports,big,low,JUNK
excellent,med,four,sports,big,med,JUNK
excellent,med,four,sports,big,high,JUNK
excellent,med,four,sedan,small,low,JUNK
excellent,med,four,sedan,small,med,JUNK
excellent,med,four,sedan,small,high,OKAY
excellent,med,four,sedan,med,low,JUNK
excellent,med,four,sedan,med,med,OKAY
excellent,med,four,sedan,med,high,OKAY
excellent,med,four,sedan,big,low,JUNK
excellent,med,four,sedan,big,med,OKAY
excellent,med,four,sedan,big,high,OKAY
excellent,med,four,wagon,small,low,JUNK
excellent,med,four,wagon,small,med,JUNK
excellent,med,four,wagon,small,high,OKAY
excellent,med,four,wagon,med,low,JUNK
excellent,med,four,wagon,med,med,OKAY
excellent,med,four,wagon,med,high,OKAY
excellent,med,four,wagon,big,low,JUNK
excellent,med,four,wagon,big,med,OKAY
excellent,med,four,wagon,big,high,OKAY
excellent,med,many,sports,small,low,JUNK
excellent,med,many,sports,small,med,JUNK
excellent,med,many,sports,small,high,JUNK
excellent,med,many,sports,med,low,JUNK
excellent,med,many,sports,med,med,JUNK
excellent,med,many,sports,med,high,JUNK
excellent,med,many,sports,big,low,JUNK
excellent,med,many,sports,big,med,JUNK
excellent,med,many,sports,big,high,JUNK
excellent,med,many,sedan,small,low,JUNK
excellent,med,many,sedan,small,med,JUNK
excellent,med,many,sedan,small,high,OKAY
excellent,med,many,sedan,med,low,JUNK
excellent,med,many,sedan,med,med,OKAY
excellent,med,many,sedan,med,high,OKAY
excellent,med,many,sedan,big,low,JUNK
excellent,med,many,sedan,big,med,OKAY
excellent,med,many,sedan,big,high,OKAY
excellent,med,many,wagon,small,low,JUNK
excellent,med,many,wagon,small,med,JUNK
excellent,med,many,wagon,small,high,OKAY
excellent,med,many,wagon,med,low,JUNK
excellent,med,many,wagon,med,med,OKAY
excellent,med,many,wagon,med,high,OKAY
excellent,med,many,wagon,big,low,JUNK
excellent,med,many,wagon,big,med,OKAY
excellent,med,many,wagon,big,high,OKAY
excellent,low,two,sports,small,low,JUNK
excellent,low,two,sports,small,med,JUNK
excellent,low,two,sports,small,high,JUNK
excellent,low,two,sports,med,low,JUNK
excellent,low,two,sports,med,med,JUNK
excellent,low,two,sports,med,high,JUNK
excellent,low,two,sports,big,low,JUNK
excellent,low,two,sports,big,med,JUNK
excellent,low,two,sports,big,high,JUNK
excellent,low,two,sedan,small,low,JUNK
excellent,low,two,sedan,small,med,JUNK
excellent,low,two,sedan,small,high,OKAY
excellent,low,two,sedan,med,low,JUNK
excellent,low,two,sedan,med,med,JUNK
excellent,low,two,sedan,med,high,OKAY
excellent,low,two,sedan,big,low,JUNK
excellent,low,two,sedan,big,med,OKAY
excellent,low,two,sedan,big,high,OKAY
excellent,low,two,wagon,small,low,JUNK
excellent,low,two,wagon,small,med,JUNK
excellent,low,two,wagon,small,high,JUNK
excellent,low,two,wagon,med,low,JUNK
excellent,low,two,wagon,med,med,JUNK
excellent,low,two,wagon,med,high,OKAY
excellent,low,two,wagon,big,low,JUNK
excellent,low,two,wagon,big,med,OKAY
excellent,low,two,wagon,big,high,OKAY
excellent,low,three,sports,small,low,JUNK
excellent,low,three,sports,small,med,JUNK
excellent,low,three,sports,small,high,JUNK
excellent,low,three,sports,med,low,JUNK
excellent,low,three,sports,med,med,JUNK
excellent,low,three,sports,med,high,JUNK
excellent,low,three,sports,big,low,JUNK
excellent,low,three,sports,big,med,JUNK
excellent,low,three,sports,big,high,JUNK
excellent,low,three,sedan,small,low,JUNK
excellent,low,three,sedan,small,med,JUNK
excellent,low,three,sedan,small,high,OKAY
excellent,low,three,sedan,med,low,JUNK
excellent,low,three,sedan,med,med,JUNK
excellent,low,three,sedan,med,high,OKAY
excellent,low,three,sedan,big,low,JUNK
excellent,low,three,sedan,big,med,OKAY
excellent,low,three,sedan,big,high,OKAY
excellent,low,three,wagon,small,low,JUNK
excellent,low,three,wagon,small,med,JUNK
excellent,low,three,wagon,small,high,OKAY
excellent,low,three,wagon,med,low,JUNK
excellent,low,three,wagon,med,med,OKAY
excellent,low,three,wagon,med,high,OKAY
excellent,low,three,wagon,big,low,JUNK
excellent,low,three,wagon,big,med,OKAY
excellent,low,three,wagon,big,high,OKAY
excellent,low,four,sports,small,low,JUNK
excellent,low,four,sports,small,med,JUNK
excellent,low,four,sports,small,high,JUNK
excellent,low,four,sports,med,low,JUNK
excellent,low,four,sports,med,med,JUNK
excellent,low,four,sports,med,high,JUNK
excellent,low,four,sports,big,low,JUNK
excellent,low,four,sports,big,med,JUNK
excellent,low,four,sports,big,high,JUNK
excellent,low,four,sedan,small,low,JUNK
excellent,low,four,sedan,small,med,JUNK
excellent,low,four,sedan,small,high,OKAY
excellent,low,four,sedan,med,low,JUNK
excellent,low,four,sedan,med,med,OKAY
excellent,low,four,sedan,med,high,OKAY
excellent,low,four,sedan,big,low,JUNK
excellent,low,four,sedan,big,med,OKAY
excellent,low,four,sedan,big,high,OKAY
excellent,low,four,wagon,small,low,JUNK
excellent,low,four,wagon,small,med,JUNK
excellent,low,four,wagon,small,high,OKAY
excellent,low,four,wagon,med,low,JUNK
excellent,low,four,wagon,med,med,OKAY
excellent,low,four,wagon,med,high,OKAY
excellent,low,four,wagon,big,low,JUNK
excellent,low,four,wagon,big,med,OKAY
excellent,low,four,wagon,big,high,OKAY
excellent,low,many,sports,small,low,JUNK
excellent,low,many,sports,small,med,JUNK
excellent,low,many,sports,small,high,JUNK
excellent,low,many,sports,med,low,JUNK
excellent,low,many,sports,med,med,JUNK
excellent,low,many,sports,med,high,JUNK
excellent,low,many,sports,big,low,JUNK
excellent,low,many,sports,big,med,JUNK
excellent,low,many,sports,big,high,JUNK
excellent,low,many,sedan,small,low,JUNK
excellent,low,many,sedan,small,med,JUNK
excellent,low,many,sedan,small,high,OKAY
excellent,low,many,sedan,med,low,JUNK
excellent,low,many,sedan,med,med,OKAY
excellent,low,many,sedan,med,high,OKAY
excellent,low,many,sedan,big,low,JUNK
excellent,low,many,sedan,big,med,OKAY
excellent,low,many,sedan,big,high,OKAY
excellent,low,many,wagon,small,low,JUNK
excellent,low,many,wagon,small,med,JUNK
excellent,low,many,wagon,small,high,OKAY
excellent,low,many,wagon,med,low,JUNK
excellent,low,many,wagon,med,med,OKAY
excellent,low,many,wagon,med,high,OKAY
excellent,low,many,wagon,big,low,JUNK
excellent,low,many,wagon,big,med,OKAY
excellent,low,many,wagon,big,high,OKAY
good,vhigh,two,sports,small,low,JUNK
good,vhigh,two,sports,small,med,JUNK
good,vhigh,two,sports,small,high,JUNK
good,vhigh,two,sports,med,low,JUNK
good,vhigh,two,sports,med,med,JUNK
good,vhigh,two,sports,med,high,JUNK
good,vhigh,two,sports,big,low,JUNK
good,vhigh,two,sports,big,med,JUNK
good,vhigh,two,sports,big,high,JUNK
good,vhigh,two,sedan,small,low,JUNK
good,vhigh,two,sedan,small,med,JUNK
good,vhigh,two,sedan,small,high,JUNK
good,vhigh,two,sedan,med,low,JUNK
good,vhigh,two,sedan,med,med,JUNK
good,vhigh,two,sedan,med,high,JUNK
good,vhigh,two,sedan,big,low,JUNK
good,vhigh,two,sedan,big,med,JUNK
good,vhigh,two,sedan,big,high,JUNK
good,vhigh,two,wagon,small,low,JUNK
good,vhigh,two,wagon,small,med,JUNK
good,vhigh,two,wagon,small,high,JUNK
good,vhigh,two,wagon,med,low,JUNK
good,vhigh,two,wagon,med,med,JUNK
good,vhigh,two,wagon,med,high,JUNK
good,vhigh,two,wagon,big,low,JUNK
good,vhigh,two,wagon,big,med,JUNK
good,vhigh,two,wagon,big,high,JUNK
good,vhigh,three,sports,small,low,JUNK
good,vhigh,three,sports,small,med,JUNK
good,vhigh,three,sports,small,high,JUNK
good,vhigh,three,sports,med,low,JUNK
good,vhigh,three,sports,med,med,JUNK
good,vhigh,three,sports,med,high,JUNK
good,vhigh,three,sports,big,low,JUNK
good,vhigh,three,sports,big,med,JUNK
good,vhigh,three,sports,big,high,JUNK
good,vhigh,three,sedan,small,low,JUNK
good,vhigh,three,sedan,small,med,JUNK
good,vhigh,three,sedan,small,high,JUNK
good,vhigh,three,sedan,med,low,JUNK
good,vhigh,three,sedan,med,med,JUNK
good,vhigh,three,sedan,med,high,JUNK
good,vhigh,three,sedan,big,low,JUNK
good,vhigh,three,sedan,big,med,JUNK
good,vhigh,three,sedan,big,high,JUNK
good,vhigh,three,wagon,small,low,JUNK
good,vhigh,three,wagon,small,med,JUNK
good,vhigh,three,wagon,small,high,JUNK
good,vhigh,three,wagon,med,low,JUNK
good,vhigh,three,wagon,med,med,JUNK
good,vhigh,three,wagon,med,high,JUNK
good,vhigh,three,wagon,big,low,JUNK
good,vhigh,three,wagon,big,med,JUNK
good,vhigh,three,wagon,big,high,JUNK
good,vhigh,four,sports,small,low,JUNK
good,vhigh,four,sports,small,med,JUNK
good,vhigh,four,sports,small,high,JUNK
good,vhigh,four,sports,med,low,JUNK
good,vhigh,four,sports,med,med,JUNK
good,vhigh,four,sports,med,high,JUNK
good,vhigh,four,sports,big,low,JUNK
good,vhigh,four,sports,big,med,JUNK
good,vhigh,four,sports,big,high,JUNK
good,vhigh,four,sedan,small,low,JUNK
good,vhigh,four,sedan,small,med,JUNK
good,vhigh,four,sedan,small,high,JUNK
good,vhigh,four,sedan,med,low,JUNK
good,vhigh,four,sedan,med,med,JUNK
good,vhigh,four,sedan,med,high,JUNK
good,vhigh,four,sedan,big,low,JUNK
good,vhigh,four,sedan,big,med,JUNK
good,vhigh,four,sedan,big,high,JUNK
good,vhigh,four,wagon,small,low,JUNK
good,vhigh,four,wagon,small,med,JUNK
good,vhigh,four,wagon,small,high,JUNK
good,vhigh,four,wagon,med,low,JUNK
good,vhigh,four,wagon,med,med,JUNK
good,vhigh,four,wagon,med,high,JUNK
good,vhigh,four,wagon,big,low,JUNK
good,vhigh,four,wagon,big,med,JUNK
good,vhigh,four,wagon,big,high,JUNK
good,vhigh,many,sports,small,low,JUNK
good,vhigh,many,sports,small,med,JUNK
good,vhigh,many,sports,small,high,JUNK
good,vhigh,many,sports,med,low,JUNK
good,vhigh,many,sports,med,med,JUNK
good,vhigh,many,sports,med,high,JUNK
good,vhigh,many,sports,big,low,JUNK
good,vhigh,many,sports,big,med,JUNK
good,vhigh,many,sports,big,high,JUNK
good,vhigh,many,sedan,small,low,JUNK
good,vhigh,many,sedan,small,med,JUNK
good,vhigh,many,sedan,small,high,JUNK
good,vhigh,many,sedan,med,low,JUNK
good,vhigh,many,sedan,med,med,JUNK
good,vhigh,many,sedan,med,high,JUNK
good,vhigh,many,sedan,big,low,JUNK
good,vhigh,many,sedan,big,med,JUNK
good,vhigh,many,sedan,big,high,JUNK
good,vhigh,many,wagon,small,low,JUNK
good,vhigh,many,wagon,small,med,JUNK
good,vhigh,many,wagon,small,high,JUNK
good,vhigh,many,wagon,med,low,JUNK
good,vhigh,many,wagon,med,med,JUNK
good,vhigh,many,wagon,med,high,JUNK
good,vhigh,many,wagon,big,low,JUNK
good,vhigh,many,wagon,big,med,JUNK
good,vhigh,many,wagon,big,high,JUNK
good,high,two,sports,small,low,JUNK
good,high,two,sports,small,med,JUNK
good,high,two,sports,small,high,JUNK
good,high,two,sports,med,low,JUNK
good,high,two,sports,med,med,JUNK
good,high,two,sports,med,high,JUNK
good,high,two,sports,big,low,JUNK
good,high,two,sports,big,med,JUNK
good,high,two,sports,big,high,JUNK
good,high,two,sedan,small,low,JUNK
good,high,two,sedan,small,med,JUNK
good,high,two,sedan,small,high,OKAY
good,high,two,sedan,med,low,JUNK
good,high,two,sedan,med,med,JUNK
good,high,two,sedan,med,high,OKAY
good,high,two,sedan,big,low,JUNK
good,high,two,sedan,big,med,OKAY
good,high,two,sedan,big,high,OKAY
good,high,two,wagon,small,low,JUNK
good,high,two,wagon,small,med,JUNK
good,high,two,wagon,small,high,JUNK
good,high,two,wagon,med,low,JUNK
good,high,two,wagon,med,med,JUNK
good,high,two,wagon,med,high,OKAY
good,high,two,wagon,big,low,JUNK
good,high,two,wagon,big,med,OKAY
good,high,two,wagon,big,high,OKAY
good,high,three,sports,small,low,JUNK
good,high,three,sports,small,med,JUNK
good,high,three,sports,small,high,JUNK
good,high,three,sports,med,low,JUNK
good,high,three,sports,med,med,JUNK
good,high,three,sports,med,high,JUNK
good,high,three,sports,big,low,JUNK
good,high,three,sports,big,med,JUNK
good,high,three,sports,big,high,JUNK
good,high,three,sedan,small,low,JUNK
good,high,three,sedan,small,med,JUNK
good,high,three,sedan,small,high,OKAY
good,high,three,sedan,med,low,JUNK
good,high,three,sedan,med,med,JUNK
good,high,three,sedan,med,high,OKAY
good,high,three,sedan,big,low,JUNK
good,high,three,sedan,big,med,OKAY
good,high,three,sedan,big,high,OKAY
good,high,three,wagon,small,low,JUNK
good,high,three,wagon,small,med,JUNK
good,high,three,wagon,small,high,OKAY
good,high,three,wagon,med,low,JUNK
good,high,three,wagon,med,med,OKAY
good,high,three,wagon,med,high,OKAY
good,high,three,wagon,big,low,JUNK
good,high,three,wagon,big,med,OKAY
good,high,three,wagon,big,high,OKAY
good,high,four,sports,small,low,JUNK
good,high,four,sports,small,med,JUNK
good,high,four,sports,small,high,JUNK
good,high,four,sports,med,low,JUNK
good,high,four,sports,med,med,JUNK
good,high,four,sports,med,high,JUNK
good,high,four,sports,big,low,JUNK
good,high,four,sports,big,med,JUNK
good,high,four,sports,big,high,JUNK
good,high,four,sedan,small,low,JUNK
good,high,four,sedan,small,med,JUNK
good,high,four,sedan,small,high,OKAY
good,high,four,sedan,med,low,JUNK
good,high,four,sedan,med,med,OKAY
good,high,four,sedan,med,high,OKAY
good,high,four,sedan,big,low,JUNK
good,high,four,sedan,big,med,OKAY
good,high,four,sedan,big,high,OKAY
good,high,four,wagon,small,low,JUNK
good,high,four,wagon,small,med,JUNK
good,high,four,wagon,small,high,OKAY
good,high,four,wagon,med,low,JUNK
good,high,four,wagon,med,med,OKAY
good,high,four,wagon,med,high,OKAY
good,high,four,wagon,big,low,JUNK
good,high,four,wagon,big,med,OKAY
good,high,four,wagon,big,high,OKAY
good,high,many,sports,small,low,JUNK
good,high,many,sports,small,med,JUNK
good,high,many,sports,small,high,JUNK
good,high,many,sports,med,low,JUNK
good,high,many,sports,med,med,JUNK
good,high,many,sports,med,high,JUNK
good,high,many,sports,big,low,JUNK
good,high,many,sports,big,med,JUNK
good,high,many,sports,big,high,JUNK
good,high,many,sedan,small,low,JUNK
good,high,many,sedan,small,med,JUNK
good,high,many,sedan,small,high,OKAY
good,high,many,sedan,med,low,JUNK
good,high,many,sedan,med,med,OKAY
good,high,many,sedan,med,high,OKAY
good,high,many,sedan,big,low,JUNK
good,high,many,sedan,big,med,OKAY
good,high,many,sedan,big,high,OKAY
good,high,many,wagon,small,low,JUNK
good,high,many,wagon,small,med,JUNK
good,high,many,wagon,small,high,OKAY
good,high,many,wagon,med,low,JUNK
good,high,many,wagon,med,med,OKAY
good,high,many,wagon,med,high,OKAY
good,high,many,wagon,big,low,JUNK
good,high,many,wagon,big,med,OKAY
good,high,many,wagon,big,high,OKAY
good,med,two,sports,small,low,JUNK
good,med,two,sports,small,med,JUNK
good,med,two,sports,small,high,JUNK
good,med,two,sports,med,low,JUNK
good,med,two,sports,med,med,JUNK
good,med,two,sports,med,high,JUNK
good,med,two,sports,big,low,JUNK
good,med,two,sports,big,med,JUNK
good,med,two,sports,big,high,JUNK
good,med,two,sedan,small,low,JUNK
good,med,two,sedan,small,med,JUNK
good,med,two,sedan,small,high,OKAY
good,med,two,sedan,med,low,JUNK
good,med,two,sedan,med,med,JUNK
good,med,two,sedan,med,high,OKAY
good,med,two,sedan,big,low,JUNK
good,med,two,sedan,big,med,OKAY
good,med,two,sedan,big,high,OKAY
good,med,two,wagon,small,low,JUNK
good,med,two,wagon,small,med,JUNK
good,med,two,wagon,small,high,JUNK
good,med,two,wagon,med,low,JUNK
good,med,two,wagon,med,med,JUNK
good,med,two,wagon,med,high,OKAY
good,med,two,wagon,big,low,JUNK
good,med,two,wagon,big,med,OKAY
good,med,two,wagon,big,high,OKAY
good,med,three,sports,small,low,JUNK
good,med,three,sports,small,med,JUNK
good,med,three,sports,small,high,JUNK
good,med,three,sports,med,low,JUNK
good,med,three,sports,med,med,JUNK
good,med,three,sports,med,high,JUNK
good,med,three,sports,big,low,JUNK
good,med,three,sports,big,med,JUNK
good,med,three,sports,big,high,JUNK
good,med,three,sedan,small,low,JUNK
good,med,three,sedan,small,med,JUNK
good,med,three,sedan,small,high,OKAY
good,med,three,sedan,med,low,JUNK
good,med,three,sedan,med,med,JUNK
good,med,three,sedan,med,high,OKAY
good,med,three,sedan,big,low,JUNK
good,med,three,sedan,big,med,OKAY
good,med,three,sedan,big,high,OKAY
good,med,three,wagon,small,low,JUNK
good,med,three,wagon,small,med,JUNK
good,med,three,wagon,small,high,OKAY
good,med,three,wagon,med,low,JUNK
good,med,three,wagon,med,med,OKAY
good,med,three,wagon,med,high,OKAY
good,med,three,wagon,big,low,JUNK
good,med,three,wagon,big,med,OKAY
good,med,three,wagon,big,high,OKAY
good,med,four,sports,small,low,JUNK
good,med,four,sports,small,med,JUNK
good,med,four,sports,small,high,JUNK
good,med,four,sports,med,low,JUNK
good,med,four,sports,med,med,JUNK
good,med,four,sports,med,high,JUNK
good,med,four,sports,big,low,JUNK
good,med,four,sports,big,med,JUNK
good,med,four,sports,big,high,JUNK
good,med,four,sedan,small,low,JUNK
good,med,four,sedan,small,med,JUNK
good,med,four,sedan,small,high,OKAY
good,med,four,sedan,med,low,JUNK
good,med,four,sedan,med,med,OKAY
good,med,four,sedan,med,high,OKAY
good,med,four,sedan,big,low,JUNK
good,med,four,sedan,big,med,OKAY
good,med,four,sedan,big,high,OKAY
good,med,four,wagon,small,low,JUNK
good,med,four,wagon,small,med,JUNK
good,med,four,wagon,small,high,OKAY
good,med,four,wagon,med,low,JUNK
good,med,four,wagon,med,med,OKAY
good,med,four,wagon,med,high,OKAY
good,med,four,wagon,big,low,JUNK
good,med,four,wagon,big,med,OKAY
good,med,four,wagon,big,high,OKAY
good,med,many,sports,small,low,JUNK
good,med,many,sports,small,med,JUNK
good,med,many,sports,small,high,JUNK
good,med,many,sports,med,low,JUNK
good,med,many,sports,med,med,JUNK
good,med,many,sports,med,high,JUNK
good,med,many,sports,big,low,JUNK
good,med,many,sports,big,med,JUNK
good,med,many,sports,big,high,JUNK
good,med,many,sedan,small,low,JUNK
good,med,many,sedan,small,med,JUNK
good,med,many,sedan,small,high,OKAY
good,med,many,sedan,med,low,JUNK
good,med,many,sedan,med,med,OKAY
good,med,many,sedan,med,high,OKAY
good,med,many,sedan,big,low,JUNK
good,med,many,sedan,big,med,OKAY
good,med,many,sedan,big,high,OKAY
good,med,many,wagon,small,low,JUNK
good,med,many,wagon,small,med,JUNK
good,med,many,wagon,small,high,OKAY
good,med,many,wagon,med,low,JUNK
good,med,many,wagon,med,med,OKAY
good,med,many,wagon,med,high,OKAY
good,med,many,wagon,big,low,JUNK
good,med,many,wagon,big,med,OKAY
good,med,many,wagon,big,high,OKAY
good,low,two,sports,small,low,JUNK
good,low,two,sports,small,med,JUNK
good,low,two,sports,small,high,JUNK
good,low,two,sports,med,low,JUNK
good,low,two,sports,med,med,JUNK
good,low,two,sports,med,high,JUNK
good,low,two,sports,big,low,JUNK
good,low,two,sports,big,med,JUNK
good,low,two,sports,big,high,JUNK
good,low,two,sedan,small,low,JUNK
good,low,two,sedan,small,med,JUNK
good,low,two,sedan,small,high,OKAY
good,low,two,sedan,med,low,JUNK
good,low,two,sedan,med,med,JUNK
good,low,two,sedan,med,high,OKAY
good,low,two,sedan,big,low,JUNK
good,low,two,sedan,big,med,OKAY
good,low,two,sedan,big,high,OKAY
good,low,two,wagon,small,low,JUNK
good,low,two,wagon,small,med,JUNK
good,low,two,wagon,small,high,JUNK
good,low,two,wagon,med,low,JUNK
good,low,two,wagon,med,med,JUNK
good,low,two,wagon,med,high,OKAY
good,low,two,wagon,big,low,JUNK
good,low,two,wagon,big,med,OKAY
good,low,two,wagon,big,high,OKAY
good,low,three,sports,small,low,JUNK
good,low,three,sports,small,med,JUNK
good,low,three,sports,small,high,JUNK
good,low,three,sports,med,low,JUNK
good,low,three,sports,med,med,JUNK
good,low,three,sports,med,high,JUNK
good,low,three,sports,big,low,JUNK
good,low,three,sports,big,med,JUNK
good,low,three,sports,big,high,JUNK
good,low,three,sedan,small,low,JUNK
good,low,three,sedan,small,med,JUNK
good,low,three,sedan,small,high,OKAY
good,low,three,sedan,med,low,JUNK
good,low,three,sedan,med,med,JUNK
good,low,three,sedan,med,high,OKAY
good,low,three,sedan,big,low,JUNK
good,low,three,sedan,big,med,OKAY
good,low,three,sedan,big,high,OKAY
good,low,three,wagon,small,low,JUNK
good,low,three,wagon,small,med,JUNK
good,low,three,wagon,small,high,OKAY
good,low,three,wagon,med,low,JUNK
good,low,three,wagon,med,med,OKAY
good,low,three,wagon,med,high,OKAY
good,low,three,wagon,big,low,JUNK
good,low,three,wagon,big,med,OKAY
good,low,three,wagon,big,high,OKAY
good,low,four,sports,small,low,JUNK
good,low,four,sports,small,med,JUNK
good,low,four,sports,small,high,JUNK
good,low,four,sports,med,low,JUNK
good,low,four,sports,med,med,JUNK
good,low,four,sports,med,high,JUNK
good,low,four,sports,big,low,JUNK
good,low,four,sports,big,med,JUNK
good,low,four,sports,big,high,JUNK
good,low,four,sedan,small,low,JUNK
good,low,four,sedan,small,med,JUNK
good,low,four,sedan,small,high,OKAY
good,low,four,sedan,med,low,JUNK
good,low,four,sedan,med,med,OKAY
good,low,four,sedan,med,high,OKAY
good,low,four,sedan,big,low,JUNK
good,low,four,sedan,big,med,OKAY
good,low,four,sedan,big,high,OKAY
good,low,four,wagon,small,low,JUNK
good,low,four,wagon,small,med,JUNK
good,low,four,wagon,small,high,OKAY
good,low,four,wagon,med,low,JUNK
good,low,four,wagon,med,med,OKAY
good,low,four,wagon,med,high,OKAY
good,low,four,wagon,big,low,JUNK
good,low,four,wagon,big,med,OKAY
good,low,four,wagon,big,high,OKAY
good,low,many,sports,small,low,JUNK
good,low,many,sports,small,med,JUNK
good,low,many,sports,small,high,JUNK
good,low,many,sports,med,low,JUNK
good,low,many,sports,med,med,JUNK
good,low,many,sports,med,high,JUNK
good,low,many,sports,big,low,JUNK
good,low,many,sports,big,med,JUNK
good,low,many,sports,big,high,JUNK
good,low,many,sedan,small,low,JUNK
good,low,many,sedan,small,med,JUNK
good,low,many,sedan,small,high,OKAY
good,low,many,sedan,med,low,JUNK
good,low,many,sedan,med,med,OKAY
good,low,many,sedan,med,high,OKAY
good,low,many,sedan,big,low,JUNK
good,low,many,sedan,big,med,OKAY
good,low,many,sedan,big,high,OKAY
good,low,many,wagon,small,low,JUNK
good,low,many,wagon,small,med,JUNK
good,low,many,wagon,small,high,OKAY
good,low,many,wagon,med,low,JUNK
good,low,many,wagon,med,med,OKAY
good,low,many,wagon,med,high,OKAY
good,low,many,wagon,big,low,JUNK
good,low,many,wagon,big,med,OKAY
good,low,many,wagon,big,high,OKAY
med,vhigh,two,sports,small,low,JUNK
med,vhigh,two,sports,small,med,JUNK
med,vhigh,two,sports,small,high,JUNK
med,vhigh,two,sports,med,low,JUNK
med,vhigh,two,sports,med,med,JUNK
med,vhigh,two,sports,med,high,JUNK
med,vhigh,two,sports,big,low,JUNK
med,vhigh,two,sports,big,med,JUNK
med,vhigh,two,sports,big,high,JUNK
med,vhigh,two,sedan,small,low,JUNK
med,vhigh,two,sedan,small,med,JUNK
med,vhigh,two,sedan,small,high,OKAY
med,vhigh,two,sedan,med,low,JUNK
med,vhigh,two,sedan,med,med,JUNK
med,vhigh,two,sedan,med,high,OKAY
med,vhigh,two,sedan,big,low,JUNK
med,vhigh,two,sedan,big,med,OKAY
med,vhigh,two,sedan,big,high,OKAY
med,vhigh,two,wagon,small,low,JUNK
med,vhigh,two,wagon,small,med,JUNK
med,vhigh,two,wagon,small,high,JUNK
med,vhigh,two,wagon,med,low,JUNK
med,vhigh,two,wagon,med,med,JUNK
med,vhigh,two,wagon,med,high,OKAY
med,vhigh,two,wagon,big,low,JUNK
med,vhigh,two,wagon,big,med,OKAY
med,vhigh,two,wagon,big,high,OKAY
med,vhigh,three,sports,small,low,JUNK
med,vhigh,three,sports,small,med,JUNK
med,vhigh,three,sports,small,high,JUNK
med,vhigh,three,sports,med,low,JUNK
med,vhigh,three,sports,med,med,JUNK
med,vhigh,three,sports,med,high,JUNK
med,vhigh,three,sports,big,low,JUNK
med,vhigh,three,sports,big,med,JUNK
med,vhigh,three,sports,big,high,JUNK
med,vhigh,three,sedan,small,low,JUNK
med,vhigh,three,sedan,small,med,JUNK
med,vhigh,three,sedan,small,high,OKAY
med,vhigh,three,sedan,med,low,JUNK
med,vhigh,three,sedan,med,med,JUNK
med,vhigh,three,sedan,med,high,OKAY
med,vhigh,three,sedan,big,low,JUNK
med,vhigh,three,sedan,big,med,OKAY
med,vhigh,three,sedan,big,high,OKAY
med,vhigh,three,wagon,small,low,JUNK
med,vhigh,three,wagon,small,med,JUNK
med,vhigh,three,wagon,small,high,OKAY
med,vhigh,three,wagon,med,low,JUNK
med,vhigh,three,wagon,med,med,OKAY
med,vhigh,three,wagon,med,high,OKAY
med,vhigh,three,wagon,big,low,JUNK
med,vhigh,three,wagon,big,med,OKAY
med,vhigh,three,wagon,big,high,OKAY
med,vhigh,four,sports,small,low,JUNK
med,vhigh,four,sports,small,med,JUNK
med,vhigh,four,sports,small,high,JUNK
med,vhigh,four,sports,med,low,JUNK
med,vhigh,four,sports,med,med,JUNK
med,vhigh,four,sports,med,high,JUNK
med,vhigh,four,sports,big,low,JUNK
med,vhigh,four,sports,big,med,JUNK
med,vhigh,four,sports,big,high,JUNK
med,vhigh,four,sedan,small,low,JUNK
med,vhigh,four,sedan,small,med,JUNK
med,vhigh,four,sedan,small,high,OKAY
med,vhigh,four,sedan,med,low,JUNK
med,vhigh,four,sedan,med,med,OKAY
med,vhigh,four,sedan,med,high,OKAY
med,vhigh,four,sedan,big,low,JUNK
med,vhigh,four,sedan,big,med,OKAY
med,vhigh,four,sedan,big,high,OKAY
med,vhigh,four,wagon,small,low,JUNK
med,vhigh,four,wagon,small,med,JUNK
med,vhigh,four,wagon,small,high,OKAY
med,vhigh,four,wagon,med,low,JUNK
med,vhigh,four,wagon,med,med,OKAY
med,vhigh,four,wagon,med,high,OKAY
med,vhigh,four,wagon,big,low,JUNK
med,vhigh,four,wagon,big,med,OKAY
med,vhigh,four,wagon,big,high,OKAY
med,vhigh,many,sports,small,low,JUNK
med,vhigh,many,sports,small,med,JUNK
med,vhigh,many,sports,small,high,JUNK
med,vhigh,many,sports,med,low,JUNK
med,vhigh,many,sports,med,med,JUNK
med,vhigh,many,sports,med,high,JUNK
med,vhigh,many,sports,big,low,JUNK
med,vhigh,many,sports,big,med,JUNK
med,vhigh,many,sports,big,high,JUNK
med,vhigh,many,sedan,small,low,JUNK
med,vhigh,many,sedan,small,med,JUNK
med,vhigh,many,sedan,small,high,OKAY
med,vhigh,many,sedan,med,low,JUNK
med,vhigh,many,sedan,med,med,OKAY
med,vhigh,many,sedan,med,high,OKAY
med,vhigh,many,sedan,big,low,JUNK
med,vhigh,many,sedan,big,med,OKAY
med,vhigh,many,sedan,big,high,OKAY
med,vhigh,many,wagon,small,low,JUNK
med,vhigh,many,wagon,small,med,JUNK
med,vhigh,many,wagon,small,high,OKAY
med,vhigh,many,wagon,med,low,JUNK
med,vhigh,many,wagon,med,med,OKAY
med,vhigh,many,wagon,med,high,OKAY
med,vhigh,many,wagon,big,low,JUNK
med,vhigh,many,wagon,big,med,OKAY
med,vhigh,many,wagon,big,high,OKAY
med,high,two,sports,small,low,JUNK
med,high,two,sports,small,med,JUNK
med,high,two,sports,small,high,JUNK
med,high,two,sports,med,low,JUNK
med,high,two,sports,med,med,JUNK
med,high,two,sports,med,high,JUNK
med,high,two,sports,big,low,JUNK
med,high,two,sports,big,med,JUNK
med,high,two,sports,big,high,JUNK
med,high,two,sedan,small,low,JUNK
med,high,two,sedan,small,med,JUNK
med,high,two,sedan,small,high,OKAY
med,high,two,sedan,med,low,JUNK
med,high,two,sedan,med,med,JUNK
med,high,two,sedan,med,high,OKAY
med,high,two,sedan,big,low,JUNK
med,high,two,sedan,big,med,OKAY
med,high,two,sedan,big,high,OKAY
med,high,two,wagon,small,low,JUNK
med,high,two,wagon,small,med,JUNK
med,high,two,wagon,small,high,JUNK
med,high,two,wagon,med,low,JUNK
med,high,two,wagon,med,med,JUNK
med,high,two,wagon,med,high,OKAY
med,high,two,wagon,big,low,JUNK
med,high,two,wagon,big,med,OKAY
med,high,two,wagon,big,high,OKAY
med,high,three,sports,small,low,JUNK
med,high,three,sports,small,med,JUNK
med,high,three,sports,small,high,JUNK
med,high,three,sports,med,low,JUNK
med,high,three,sports,med,med,JUNK
med,high,three,sports,med,high,JUNK
med,high,three,sports,big,low,JUNK
med,high,three,sports,big,med,JUNK
med,high,three,sports,big,high,JUNK
med,high,three,sedan,small,low,JUNK
med,high,three,sedan,small,med,JUNK
med,high,three,sedan,small,high,OKAY
med,high,three,sedan,med,low,JUNK
med,high,three,sedan,med,med,JUNK
med,high,three,sedan,med,high,OKAY
med,high,three,sedan,big,low,JUNK
med,high,three,sedan,big,med,OKAY
med,high,three,sedan,big,high,OKAY
med,high,three,wagon,small,low,JUNK
med,high,three,wagon,small,med,JUNK
med,high,three,wagon,small,high,OKAY
med,high,three,wagon,med,low,JUNK
med,high,three,wagon,med,med,OKAY
med,high,three,wagon,med,high,OKAY
med,high,three,wagon,big,low,JUNK
med,high,three,wagon,big,med,OKAY
med,high,three,wagon,big,high,OKAY
med,high,four,sports,small,low,JUNK
med,high,four,sports,small,med,JUNK
med,high,four,sports,small,high,JUNK
med,high,four,sports,med,low,JUNK
med,high,four,sports,med,med,JUNK
med,high,four,sports,med,high,JUNK
med,high,four,sports,big,low,JUNK
med,high,four,sports,big,med,JUNK
med,high,four,sports,big,high,JUNK
med,high,four,sedan,small,low,JUNK
med,high,four,sedan,small,med,JUNK
med,high,four,sedan,small,high,OKAY
med,high,four,sedan,med,low,JUNK
med,high,four,sedan,med,med,OKAY
med,high,four,sedan,med,high,OKAY
med,high,four,sedan,big,low,JUNK
med,high,four,sedan,big,med,OKAY
med,high,four,sedan,big,high,OKAY
med,high,four,wagon,small,low,JUNK
med,high,four,wagon,small,med,JUNK
med,high,four,wagon,small,high,OKAY
med,high,four,wagon,med,low,JUNK
med,high,four,wagon,med,med,OKAY
med,high,four,wagon,med,high,OKAY
med,high,four,wagon,big,low,JUNK
med,high,four,wagon,big,med,OKAY
med,high,four,wagon,big,high,OKAY
med,high,many,sports,small,low,JUNK
med,high,many,sports,small,med,JUNK
med,high,many,sports,small,high,JUNK
med,high,many,sports,med,low,JUNK
med,high,many,sports,med,med,JUNK
med,high,many,sports,med,high,JUNK
med,high,many,sports,big,low,JUNK
med,high,many,sports,big,med,JUNK
med,high,many,sports,big,high,JUNK
med,high,many,sedan,small,low,JUNK
med,high,many,sedan,small,med,JUNK
med,high,many,sedan,small,high,OKAY
med,high,many,sedan,med,low,JUNK
med,high,many,sedan,med,med,OKAY
med,high,many,sedan,med,high,OKAY
med,high,many,sedan,big,low,JUNK
med,high,many,sedan,big,med,OKAY
med,high,many,sedan,big,high,OKAY
med,high,many,wagon,small,low,JUNK
med,high,many,wagon,small,med,JUNK
med,high,many,wagon,small,high,OKAY
med,high,many,wagon,med,low,JUNK
med,high,many,wagon,med,med,OKAY
med,high,many,wagon,med,high,OKAY
med,high,many,wagon,big,low,JUNK
med,high,many,wagon,big,med,OKAY
med,high,many,wagon,big,high,OKAY
med,med,two,sports,small,low,JUNK
med,med,two,sports,small,med,JUNK
med,med,two,sports,small,high,JUNK
med,med,two,sports,med,low,JUNK
med,med,two,sports,med,med,JUNK
med,med,two,sports,med,high,JUNK
med,med,two,sports,big,low,JUNK
med,med,two,sports,big,med,JUNK
med,med,two,sports,big,high,JUNK
med,med,two,sedan,small,low,JUNK
med,med,two,sedan,small,med,OKAY
med,med,two,sedan,small,high,OKAY
med,med,two,sedan,med,low,JUNK
med,med,two,sedan,med,med,OKAY
med,med,two,sedan,med,high,OKAY
med,med,two,sedan,big,low,JUNK
med,med,two,sedan,big,med,OKAY
med,med,two,sedan,big,high,DANK
med,med,two,wagon,small,low,JUNK
med,med,two,wagon,small,med,JUNK
med,med,two,wagon,small,high,JUNK
med,med,two,wagon,med,low,JUNK
med,med,two,wagon,med,med,OKAY
med,med,two,wagon,med,high,OKAY
med,med,two,wagon,big,low,JUNK
med,med,two,wagon,big,med,OKAY
med,med,two,wagon,big,high,DANK
med,med,three,sports,small,low,JUNK
med,med,three,sports,small,med,JUNK
med,med,three,sports,small,high,JUNK
med,med,three,sports,med,low,JUNK
med,med,three,sports,med,med,JUNK
med,med,three,sports,med,high,JUNK
med,med,three,sports,big,low,JUNK
med,med,three,sports,big,med,JUNK
med,med,three,sports,big,high,JUNK
med,med,three,sedan,small,low,JUNK
med,med,three,sedan,small,med,OKAY
med,med,three,sedan,small,high,OKAY
med,med,three,sedan,med,low,JUNK
med,med,three,sedan,med,med,OKAY
med,med,three,sedan,med,high,OKAY
med,med,three,sedan,big,low,JUNK
med,med,three,sedan,big,med,OKAY
med,med,three,sedan,big,high,DANK
med,med,three,wagon,small,low,JUNK
med,med,three,wagon,small,med,OKAY
med,med,three,wagon,small,high,OKAY
med,med,three,wagon,med,low,JUNK
med,med,three,wagon,med,med,OKAY
med,med,three,wagon,med,high,DANK
med,med,three,wagon,big,low,JUNK
med,med,three,wagon,big,med,OKAY
med,med,three,wagon,big,high,DANK
med,med,four,sports,small,low,JUNK
med,med,four,sports,small,med,JUNK
med,med,four,sports,small,high,JUNK
med,med,four,sports,med,low,JUNK
med,med,four,sports,med,med,JUNK
med,med,four,sports,med,high,JUNK
med,med,four,sports,big,low,JUNK
med,med,four,sports,big,med,JUNK
med,med,four,sports,big,high,JUNK
med,med,four,sedan,small,low,JUNK
med,med,four,sedan,small,med,OKAY
med,med,four,sedan,small,high,OKAY
med,med,four,sedan,med,low,JUNK
med,med,four,sedan,med,med,OKAY
med,med,four,sedan,med,high,DANK
med,med,four,sedan,big,low,JUNK
med,med,four,sedan,big,med,OKAY
med,med,four,sedan,big,high,DANK
med,med,four,wagon,small,low,JUNK
med,med,four,wagon,small,med,OKAY
med,med,four,wagon,small,high,OKAY
med,med,four,wagon,med,low,JUNK
med,med,four,wagon,med,med,OKAY
med,med,four,wagon,med,high,DANK
med,med,four,wagon,big,low,JUNK
med,med,four,wagon,big,med,OKAY
med,med,four,wagon,big,high,DANK
med,med,many,sports,small,low,JUNK
med,med,many,sports,small,med,JUNK
med,med,many,sports,small,high,JUNK
med,med,many,sports,med,low,JUNK
med,med,many,sports,med,med,JUNK
med,med,many,sports,med,high,JUNK
med,med,many,sports,big,low,JUNK
med,med,many,sports,big,med,JUNK
med,med,many,sports,big,high,JUNK
med,med,many,sedan,small,low,JUNK
med,med,many,sedan,small,med,OKAY
med,med,many,sedan,small,high,OKAY
med,med,many,sedan,med,low,JUNK
med,med,many,sedan,med,med,OKAY
med,med,many,sedan,med,high,DANK
med,med,many,sedan,big,low,JUNK
med,med,many,sedan,big,med,OKAY
med,med,many,sedan,big,high,DANK
med,med,many,wagon,small,low,JUNK
med,med,many,wagon,small,med,OKAY
med,med,many,wagon,small,high,OKAY
med,med,many,wagon,med,low,JUNK
med,med,many,wagon,med,med,OKAY
med,med,many,wagon,med,high,DANK
med,med,many,wagon,big,low,JUNK
med,med,many,wagon,big,med,OKAY
med,med,many,wagon,big,high,DANK
med,low,two,sports,small,low,JUNK
med,low,two,sports,small,med,JUNK
med,low,two,sports,small,high,JUNK
med,low,two,sports,med,low,JUNK
med,low,two,sports,med,med,JUNK
med,low,two,sports,med,high,JUNK
med,low,two,sports,big,low,JUNK
med,low,two,sports,big,med,JUNK
med,low,two,sports,big,high,JUNK
med,low,two,sedan,small,low,JUNK
med,low,two,sedan,small,med,OKAY
med,low,two,sedan,small,high,good
med,low,two,sedan,med,low,JUNK
med,low,two,sedan,med,med,OKAY
med,low,two,sedan,med,high,good
med,low,two,sedan,big,low,JUNK
med,low,two,sedan,big,med,good
med,low,two,sedan,big,high,DANK
med,low,two,wagon,small,low,JUNK
med,low,two,wagon,small,med,JUNK
med,low,two,wagon,small,high,JUNK
med,low,two,wagon,med,low,JUNK
med,low,two,wagon,med,med,OKAY
med,low,two,wagon,med,high,good
med,low,two,wagon,big,low,JUNK
med,low,two,wagon,big,med,good
med,low,two,wagon,big,high,DANK
med,low,three,sports,small,low,JUNK
med,low,three,sports,small,med,JUNK
med,low,three,sports,small,high,JUNK
med,low,three,sports,med,low,JUNK
med,low,three,sports,med,med,JUNK
med,low,three,sports,med,high,JUNK
med,low,three,sports,big,low,JUNK
med,low,three,sports,big,med,JUNK
med,low,three,sports,big,high,JUNK
med,low,three,sedan,small,low,JUNK
med,low,three,sedan,small,med,OKAY
med,low,three,sedan,small,high,good
med,low,three,sedan,med,low,JUNK
med,low,three,sedan,med,med,OKAY
med,low,three,sedan,med,high,good
med,low,three,sedan,big,low,JUNK
med,low,three,sedan,big,med,good
med,low,three,sedan,big,high,DANK
med,low,three,wagon,small,low,JUNK
med,low,three,wagon,small,med,OKAY
med,low,three,wagon,small,high,good
med,low,three,wagon,med,low,JUNK
med,low,three,wagon,med,med,good
med,low,three,wagon,med,high,DANK
med,low,three,wagon,big,low,JUNK
med,low,three,wagon,big,med,good
med,low,three,wagon,big,high,DANK
med,low,four,sports,small,low,JUNK
med,low,four,sports,small,med,JUNK
med,low,four,sports,small,high,JUNK
med,low,four,sports,med,low,JUNK
med,low,four,sports,med,med,JUNK
med,low,four,sports,med,high,JUNK
med,low,four,sports,big,low,JUNK
med,low,four,sports,big,med,JUNK
med,low,four,sports,big,high,JUNK
med,low,four,sedan,small,low,JUNK
med,low,four,sedan,small,med,OKAY
med,low,four,sedan,small,high,good
med,low,four,sedan,med,low,JUNK
med,low,four,sedan,med,med,good
med,low,four,sedan,med,high,DANK
med,low,four,sedan,big,low,JUNK
med,low,four,sedan,big,med,good
med,low,four,sedan,big,high,DANK
med,low,four,wagon,small,low,JUNK
med,low,four,wagon,small,med,OKAY
med,low,four,wagon,small,high,good
med,low,four,wagon,med,low,JUNK
med,low,four,wagon,med,med,good
med,low,four,wagon,med,high,DANK
med,low,four,wagon,big,low,JUNK
med,low,four,wagon,big,med,good
med,low,four,wagon,big,high,DANK
med,low,many,sports,small,low,JUNK
med,low,many,sports,small,med,JUNK
med,low,many,sports,small,high,JUNK
med,low,many,sports,med,low,JUNK
med,low,many,sports,med,med,JUNK
med,low,many,sports,med,high,JUNK
med,low,many,sports,big,low,JUNK
med,low,many,sports,big,med,JUNK
med,low,many,sports,big,high,JUNK
med,low,many,sedan,small,low,JUNK
med,low,many,sedan,small,med,OKAY
med,low,many,sedan,small,high,good
med,low,many,sedan,med,low,JUNK
med,low,many,sedan,med,med,good
med,low,many,sedan,med,high,DANK
med,low,many,sedan,big,low,JUNK
med,low,many,sedan,big,med,good
med,low,many,sedan,big,high,DANK
med,low,many,wagon,small,low,JUNK
med,low,many,wagon,small,med,OKAY
med,low,many,wagon,small,high,good
med,low,many,wagon,med,low,JUNK
med,low,many,wagon,med,med,good
med,low,many,wagon,med,high,DANK
med,low,many,wagon,big,low,JUNK
med,low,many,wagon,big,med,good
med,low,many,wagon,big,high,DANK
crap,vhigh,two,sports,small,low,JUNK
crap,vhigh,two,sports,small,med,JUNK
crap,vhigh,two,sports,small,high,JUNK
crap,vhigh,two,sports,med,low,JUNK
crap,vhigh,two,sports,med,med,JUNK
crap,vhigh,two,sports,med,high,JUNK
crap,vhigh,two,sports,big,low,JUNK
crap,vhigh,two,sports,big,med,JUNK
crap,vhigh,two,sports,big,high,JUNK
crap,vhigh,two,sedan,small,low,JUNK
crap,vhigh,two,sedan,small,med,JUNK
crap,vhigh,two,sedan,small,high,OKAY
crap,vhigh,two,sedan,med,low,JUNK
crap,vhigh,two,sedan,med,med,JUNK
crap,vhigh,two,sedan,med,high,OKAY
crap,vhigh,two,sedan,big,low,JUNK
crap,vhigh,two,sedan,big,med,OKAY
crap,vhigh,two,sedan,big,high,OKAY
crap,vhigh,two,wagon,small,low,JUNK
crap,vhigh,two,wagon,small,med,JUNK
crap,vhigh,two,wagon,small,high,JUNK
crap,vhigh,two,wagon,med,low,JUNK
crap,vhigh,two,wagon,med,med,JUNK
crap,vhigh,two,wagon,med,high,OKAY
crap,vhigh,two,wagon,big,low,JUNK
crap,vhigh,two,wagon,big,med,OKAY
crap,vhigh,two,wagon,big,high,OKAY
crap,vhigh,three,sports,small,low,JUNK
crap,vhigh,three,sports,small,med,JUNK
crap,vhigh,three,sports,small,high,JUNK
crap,vhigh,three,sports,med,low,JUNK
crap,vhigh,three,sports,med,med,JUNK
crap,vhigh,three,sports,med,high,JUNK
crap,vhigh,three,sports,big,low,JUNK
crap,vhigh,three,sports,big,med,JUNK
crap,vhigh,three,sports,big,high,JUNK
crap,vhigh,three,sedan,small,low,JUNK
crap,vhigh,three,sedan,small,med,JUNK
crap,vhigh,three,sedan,small,high,OKAY
crap,vhigh,three,sedan,med,low,JUNK
crap,vhigh,three,sedan,med,med,JUNK
crap,vhigh,three,sedan,med,high,OKAY
crap,vhigh,three,sedan,big,low,JUNK
crap,vhigh,three,sedan,big,med,OKAY
crap,vhigh,three,sedan,big,high,OKAY
crap,vhigh,three,wagon,small,low,JUNK
crap,vhigh,three,wagon,small,med,JUNK
crap,vhigh,three,wagon,small,high,OKAY
crap,vhigh,three,wagon,med,low,JUNK
crap,vhigh,three,wagon,med,med,OKAY
crap,vhigh,three,wagon,med,high,OKAY
crap,vhigh,three,wagon,big,low,JUNK
crap,vhigh,three,wagon,big,med,OKAY
crap,vhigh,three,wagon,big,high,OKAY
crap,vhigh,four,sports,small,low,JUNK
crap,vhigh,four,sports,small,med,JUNK
crap,vhigh,four,sports,small,high,JUNK
crap,vhigh,four,sports,med,low,JUNK
crap,vhigh,four,sports,med,med,JUNK
crap,vhigh,four,sports,med,high,JUNK
crap,vhigh,four,sports,big,low,JUNK
crap,vhigh,four,sports,big,med,JUNK
crap,vhigh,four,sports,big,high,JUNK
crap,vhigh,four,sedan,small,low,JUNK
crap,vhigh,four,sedan,small,med,JUNK
crap,vhigh,four,sedan,small,high,OKAY
crap,vhigh,four,sedan,med,low,JUNK
crap,vhigh,four,sedan,med,med,OKAY
crap,vhigh,four,sedan,med,high,OKAY
crap,vhigh,four,sedan,big,low,JUNK
crap,vhigh,four,sedan,big,med,OKAY
crap,vhigh,four,sedan,big,high,OKAY
crap,vhigh,four,wagon,small,low,JUNK
crap,vhigh,four,wagon,small,med,JUNK
crap,vhigh,four,wagon,small,high,OKAY
crap,vhigh,four,wagon,med,low,JUNK
crap,vhigh,four,wagon,med,med,OKAY
crap,vhigh,four,wagon,med,high,OKAY
crap,vhigh,four,wagon,big,low,JUNK
crap,vhigh,four,wagon,big,med,OKAY
crap,vhigh,four,wagon,big,high,OKAY
crap,vhigh,many,sports,small,low,JUNK
crap,vhigh,many,sports,small,med,JUNK
crap,vhigh,many,sports,small,high,JUNK
crap,vhigh,many,sports,med,low,JUNK
crap,vhigh,many,sports,med,med,JUNK
crap,vhigh,many,sports,med,high,JUNK
crap,vhigh,many,sports,big,low,JUNK
crap,vhigh,many,sports,big,med,JUNK
crap,vhigh,many,sports,big,high,JUNK
crap,vhigh,many,sedan,small,low,JUNK
crap,vhigh,many,sedan,small,med,JUNK
crap,vhigh,many,sedan,small,high,OKAY
crap,vhigh,many,sedan,med,low,JUNK
crap,vhigh,many,sedan,med,med,OKAY
crap,vhigh,many,sedan,med,high,OKAY
crap,vhigh,many,sedan,big,low,JUNK
crap,vhigh,many,sedan,big,med,OKAY
crap,vhigh,many,sedan,big,high,OKAY
crap,vhigh,many,wagon,small,low,JUNK
crap,vhigh,many,wagon,small,med,JUNK
crap,vhigh,many,wagon,small,high,OKAY
crap,vhigh,many,wagon,med,low,JUNK
crap,vhigh,many,wagon,med,med,OKAY
crap,vhigh,many,wagon,med,high,OKAY
crap,vhigh,many,wagon,big,low,JUNK
crap,vhigh,many,wagon,big,med,OKAY
crap,vhigh,many,wagon,big,high,OKAY
crap,high,two,sports,small,low,JUNK
crap,high,two,sports,small,med,JUNK
crap,high,two,sports,small,high,JUNK
crap,high,two,sports,med,low,JUNK
crap,high,two,sports,med,med,JUNK
crap,high,two,sports,med,high,JUNK
crap,high,two,sports,big,low,JUNK
crap,high,two,sports,big,med,JUNK
crap,high,two,sports,big,high,JUNK
crap,high,two,sedan,small,low,JUNK
crap,high,two,sedan,small,med,OKAY
crap,high,two,sedan,small,high,OKAY
crap,high,two,sedan,med,low,JUNK
crap,high,two,sedan,med,med,OKAY
crap,high,two,sedan,med,high,OKAY
crap,high,two,sedan,big,low,JUNK
crap,high,two,sedan,big,med,OKAY
crap,high,two,sedan,big,high,DANK
crap,high,two,wagon,small,low,JUNK
crap,high,two,wagon,small,med,JUNK
crap,high,two,wagon,small,high,JUNK
crap,high,two,wagon,med,low,JUNK
crap,high,two,wagon,med,med,OKAY
crap,high,two,wagon,med,high,OKAY
crap,high,two,wagon,big,low,JUNK
crap,high,two,wagon,big,med,OKAY
crap,high,two,wagon,big,high,DANK
crap,high,three,sports,small,low,JUNK
crap,high,three,sports,small,med,JUNK
crap,high,three,sports,small,high,JUNK
crap,high,three,sports,med,low,JUNK
crap,high,three,sports,med,med,JUNK
crap,high,three,sports,med,high,JUNK
crap,high,three,sports,big,low,JUNK
crap,high,three,sports,big,med,JUNK
crap,high,three,sports,big,high,JUNK
crap,high,three,sedan,small,low,JUNK
crap,high,three,sedan,small,med,OKAY
crap,high,three,sedan,small,high,OKAY
crap,high,three,sedan,med,low,JUNK
crap,high,three,sedan,med,med,OKAY
crap,high,three,sedan,med,high,OKAY
crap,high,three,sedan,big,low,JUNK
crap,high,three,sedan,big,med,OKAY
crap,high,three,sedan,big,high,DANK
crap,high,three,wagon,small,low,JUNK
crap,high,three,wagon,small,med,OKAY
crap,high,three,wagon,small,high,OKAY
crap,high,three,wagon,med,low,JUNK
crap,high,three,wagon,med,med,OKAY
crap,high,three,wagon,med,high,DANK
crap,high,three,wagon,big,low,JUNK
crap,high,three,wagon,big,med,OKAY
crap,high,three,wagon,big,high,DANK
crap,high,four,sports,small,low,JUNK
crap,high,four,sports,small,med,JUNK
crap,high,four,sports,small,high,JUNK
crap,high,four,sports,med,low,JUNK
crap,high,four,sports,med,med,JUNK
crap,high,four,sports,med,high,JUNK
crap,high,four,sports,big,low,JUNK
crap,high,four,sports,big,med,JUNK
crap,high,four,sports,big,high,JUNK
crap,high,four,sedan,small,low,JUNK
crap,high,four,sedan,small,med,OKAY
crap,high,four,sedan,small,high,OKAY
crap,high,four,sedan,med,low,JUNK
crap,high,four,sedan,med,med,OKAY
crap,high,four,sedan,med,high,DANK
crap,high,four,sedan,big,low,JUNK
crap,high,four,sedan,big,med,OKAY
crap,high,four,sedan,big,high,DANK
crap,high,four,wagon,small,low,JUNK
crap,high,four,wagon,small,med,OKAY
crap,high,four,wagon,small,high,OKAY
crap,high,four,wagon,med,low,JUNK
crap,high,four,wagon,med,med,OKAY
crap,high,four,wagon,med,high,DANK
crap,high,four,wagon,big,low,JUNK
crap,high,four,wagon,big,med,OKAY
crap,high,four,wagon,big,high,DANK
crap,high,many,sports,small,low,JUNK
crap,high,many,sports,small,med,JUNK
crap,high,many,sports,small,high,JUNK
crap,high,many,sports,med,low,JUNK
crap,high,many,sports,med,med,JUNK
crap,high,many,sports,med,high,JUNK
crap,high,many,sports,big,low,JUNK
crap,high,many,sports,big,med,JUNK
crap,high,many,sports,big,high,JUNK
crap,high,many,sedan,small,low,JUNK
crap,high,many,sedan,small,med,OKAY
crap,high,many,sedan,small,high,OKAY
crap,high,many,sedan,med,low,JUNK
crap,high,many,sedan,med,med,OKAY
crap,high,many,sedan,med,high,DANK
crap,high,many,sedan,big,low,JUNK
crap,high,many,sedan,big,med,OKAY
crap,high,many,sedan,big,high,DANK
crap,high,many,wagon,small,low,JUNK
crap,high,many,wagon,small,med,OKAY
crap,high,many,wagon,small,high,OKAY
crap,high,many,wagon,med,low,JUNK
crap,high,many,wagon,med,med,OKAY
crap,high,many,wagon,med,high,DANK
crap,high,many,wagon,big,low,JUNK
crap,high,many,wagon,big,med,OKAY
crap,high,many,wagon,big,high,DANK
crap,med,two,sports,small,low,JUNK
crap,med,two,sports,small,med,JUNK
crap,med,two,sports,small,high,JUNK
crap,med,two,sports,med,low,JUNK
crap,med,two,sports,med,med,JUNK
crap,med,two,sports,med,high,JUNK
crap,med,two,sports,big,low,JUNK
crap,med,two,sports,big,med,JUNK
crap,med,two,sports,big,high,JUNK
crap,med,two,sedan,small,low,JUNK
crap,med,two,sedan,small,med,OKAY
crap,med,two,sedan,small,high,good
crap,med,two,sedan,med,low,JUNK
crap,med,two,sedan,med,med,OKAY
crap,med,two,sedan,med,high,good
crap,med,two,sedan,big,low,JUNK
crap,med,two,sedan,big,med,good
crap,med,two,sedan,big,high,DANK
crap,med,two,wagon,small,low,JUNK
crap,med,two,wagon,small,med,JUNK
crap,med,two,wagon,small,high,JUNK
crap,med,two,wagon,med,low,JUNK
crap,med,two,wagon,med,med,OKAY
crap,med,two,wagon,med,high,good
crap,med,two,wagon,big,low,JUNK
crap,med,two,wagon,big,med,good
crap,med,two,wagon,big,high,DANK
crap,med,three,sports,small,low,JUNK
crap,med,three,sports,small,med,JUNK
crap,med,three,sports,small,high,JUNK
crap,med,three,sports,med,low,JUNK
crap,med,three,sports,med,med,JUNK
crap,med,three,sports,med,high,JUNK
crap,med,three,sports,big,low,JUNK
crap,med,three,sports,big,med,JUNK
crap,med,three,sports,big,high,JUNK
crap,med,three,sedan,small,low,JUNK
crap,med,three,sedan,small,med,OKAY
crap,med,three,sedan,small,high,good
crap,med,three,sedan,med,low,JUNK
crap,med,three,sedan,med,med,OKAY
crap,med,three,sedan,med,high,good
crap,med,three,sedan,big,low,JUNK
crap,med,three,sedan,big,med,good
crap,med,three,sedan,big,high,DANK
crap,med,three,wagon,small,low,JUNK
crap,med,three,wagon,small,med,OKAY
crap,med,three,wagon,small,high,good
crap,med,three,wagon,med,low,JUNK
crap,med,three,wagon,med,med,good
crap,med,three,wagon,med,high,DANK
crap,med,three,wagon,big,low,JUNK
crap,med,three,wagon,big,med,good
crap,med,three,wagon,big,high,DANK
crap,med,four,sports,small,low,JUNK
crap,med,four,sports,small,med,JUNK
crap,med,four,sports,small,high,JUNK
crap,med,four,sports,med,low,JUNK
crap,med,four,sports,med,med,JUNK
crap,med,four,sports,med,high,JUNK
crap,med,four,sports,big,low,JUNK
crap,med,four,sports,big,med,JUNK
crap,med,four,sports,big,high,JUNK
crap,med,four,sedan,small,low,JUNK
crap,med,four,sedan,small,med,OKAY
crap,med,four,sedan,small,high,good
crap,med,four,sedan,med,low,JUNK
crap,med,four,sedan,med,med,good
crap,med,four,sedan,med,high,DANK
crap,med,four,sedan,big,low,JUNK
crap,med,four,sedan,big,med,good
crap,med,four,sedan,big,high,DANK
crap,med,four,wagon,small,low,JUNK
crap,med,four,wagon,small,med,OKAY
crap,med,four,wagon,small,high,good
crap,med,four,wagon,med,low,JUNK
crap,med,four,wagon,med,med,good
crap,med,four,wagon,med,high,DANK
crap,med,four,wagon,big,low,JUNK
crap,med,four,wagon,big,med,good
crap,med,four,wagon,big,high,DANK
crap,med,many,sports,small,low,JUNK
crap,med,many,sports,small,med,JUNK
crap,med,many,sports,small,high,JUNK
crap,med,many,sports,med,low,JUNK
crap,med,many,sports,med,med,JUNK
crap,med,many,sports,med,high,JUNK
crap,med,many,sports,big,low,JUNK
crap,med,many,sports,big,med,JUNK
crap,med,many,sports,big,high,JUNK
crap,med,many,sedan,small,low,JUNK
crap,med,many,sedan,small,med,OKAY
crap,med,many,sedan,small,high,good
crap,med,many,sedan,med,low,JUNK
crap,med,many,sedan,med,med,good
crap,med,many,sedan,med,high,DANK
crap,med,many,sedan,big,low,JUNK
crap,med,many,sedan,big,med,good
crap,med,many,sedan,big,high,DANK
crap,med,many,wagon,small,low,JUNK
crap,med,many,wagon,small,med,OKAY
crap,med,many,wagon,small,high,good
crap,med,many,wagon,med,low,JUNK
crap,med,many,wagon,med,med,good
crap,med,many,wagon,med,high,DANK
crap,med,many,wagon,big,low,JUNK
crap,med,many,wagon,big,med,good
crap,med,many,wagon,big,high,DANK
crap,low,two,sports,small,low,JUNK
crap,low,two,sports,small,med,JUNK
crap,low,two,sports,small,high,JUNK
crap,low,two,sports,med,low,JUNK
crap,low,two,sports,med,med,JUNK
crap,low,two,sports,med,high,JUNK
crap,low,two,sports,big,low,JUNK
crap,low,two,sports,big,med,JUNK
crap,low,two,sports,big,high,JUNK
crap,low,two,sedan,small,low,JUNK
crap,low,two,sedan,small,med,OKAY
crap,low,two,sedan,small,high,good
crap,low,two,sedan,med,low,JUNK
crap,low,two,sedan,med,med,OKAY
crap,low,two,sedan,med,high,good
crap,low,two,sedan,big,low,JUNK
crap,low,two,sedan,big,med,good
crap,low,two,sedan,big,high,DANK
crap,low,two,wagon,small,low,JUNK
crap,low,two,wagon,small,med,JUNK
crap,low,two,wagon,small,high,JUNK
crap,low,two,wagon,med,low,JUNK
crap,low,two,wagon,med,med,OKAY
crap,low,two,wagon,med,high,good
crap,low,two,wagon,big,low,JUNK
crap,low,two,wagon,big,med,good
crap,low,two,wagon,big,high,DANK
crap,low,three,sports,small,low,JUNK
crap,low,three,sports,small,med,JUNK
crap,low,three,sports,small,high,JUNK
crap,low,three,sports,med,low,JUNK
crap,low,three,sports,med,med,JUNK
crap,low,three,sports,med,high,JUNK
crap,low,three,sports,big,low,JUNK
crap,low,three,sports,big,med,JUNK
crap,low,three,sports,big,high,JUNK
crap,low,three,sedan,small,low,JUNK
crap,low,three,sedan,small,med,OKAY
crap,low,three,sedan,small,high,good
crap,low,three,sedan,med,low,JUNK
crap,low,three,sedan,med,med,OKAY
crap,low,three,sedan,med,high,good
crap,low,three,sedan,big,low,JUNK
crap,low,three,sedan,big,med,good
crap,low,three,sedan,big,high,DANK
crap,low,three,wagon,small,low,JUNK
crap,low,three,wagon,small,med,OKAY
crap,low,three,wagon,small,high,good
crap,low,three,wagon,med,low,JUNK
crap,low,three,wagon,med,med,good
crap,low,three,wagon,med,high,DANK
crap,low,three,wagon,big,low,JUNK
crap,low,three,wagon,big,med,good
crap,low,three,wagon,big,high,DANK
crap,low,four,sports,small,low,JUNK
crap,low,four,sports,small,med,JUNK
crap,low,four,sports,small,high,JUNK
crap,low,four,sports,med,low,JUNK
crap,low,four,sports,med,med,JUNK
crap,low,four,sports,med,high,JUNK
crap,low,four,sports,big,low,JUNK
crap,low,four,sports,big,med,JUNK
crap,low,four,sports,big,high,JUNK
crap,low,four,sedan,small,low,JUNK
crap,low,four,sedan,small,med,OKAY
crap,low,four,sedan,small,high,good
crap,low,four,sedan,med,low,JUNK
crap,low,four,sedan,med,med,good
crap,low,four,sedan,med,high,DANK
crap,low,four,sedan,big,low,JUNK
crap,low,four,sedan,big,med,good
crap,low,four,sedan,big,high,DANK
crap,low,four,wagon,small,low,JUNK
crap,low,four,wagon,small,med,OKAY
crap,low,four,wagon,small,high,good
crap,low,four,wagon,med,low,JUNK
crap,low,four,wagon,med,med,good
crap,low,four,wagon,med,high,DANK
crap,low,four,wagon,big,low,JUNK
crap,low,four,wagon,big,med,good
crap,low,four,wagon,big,high,DANK
crap,low,many,sports,small,low,JUNK
crap,low,many,sports,small,med,JUNK
crap,low,many,sports,small,high,JUNK
crap,low,many,sports,med,low,JUNK
crap,low,many,sports,med,med,JUNK
crap,low,many,sports,med,high,JUNK
crap,low,many,sports,big,low,JUNK
crap,low,many,sports,big,med,JUNK
crap,low,many,sports,big,high,JUNK
crap,low,many,sedan,small,low,JUNK
crap,low,many,sedan,small,med,OKAY
crap,low,many,sedan,small,high,good
crap,low,many,sedan,med,low,JUNK
crap,low,many,sedan,med,med,good
crap,low,many,sedan,med,high,DANK
crap,low,many,sedan,big,low,JUNK
crap,low,many,sedan,big,med,good
crap,low,many,sedan,big,high,DANK
crap,low,many,wagon,small,low,JUNK
crap,low,many,wagon,small,med,OKAY
crap,low,many,wagon,small,high,good
crap,low,many,wagon,med,low,JUNK
crap,low,many,wagon,med,med,good
crap,low,many,wagon,med,high,DANK
crap,low,many,wagon,big,low,JUNK
crap,low,many,wagon,big,med,good
crap,low,many,wagon,big,high,DANK
